{
  "timestamp": "2025-10-28T04:10:59.947455",
  "n_samples": 19999,
  "n_train": 15999,
  "n_val": 4000,
  "n_features": 26,
  "classes": [
    "cooking_spill",
    "fire",
    "normal",
    "possible_gas_or_chemical_spill",
    "smoke"
  ],
  "hyperparameters": {
    "epochs": 100,
    "lr": 0.001,
    "hidden_dim": 128,
    "latent_dim": 64,
    "n_heads": 2,
    "k_neighbors": 8,
    "weight_decay": 0.0001
  },
  "best_epoch": 100,
  "metrics": {
    "accuracy": 0.9795,
    "precision": 0.9831425863467266,
    "recall": 0.9795,
    "f1": 0.9809482044820155,
    "best_val_acc": 0.9794999957084656
  }
}